universidad,equivalente
AIEP,AIEP
ARO HoldCo,ARO HOLDCO
Brazil,BRAZIL HOLDCO
Brazil HoldCo,BRAZIL HOLDCO
CIBERTEC,CIBERTEC
EAD,EAD
FADERGS,FADERGS
FMU,FMU
FPB,FPB
Germany,BITS
Gest?o S?o Paulo,BSSP
HoldCo,HOLDCO
IBMR,IBMR
Istanbul Bilgi University,IBU
L&I,L&I
L&I ,L&I
LNI,LNI
Servicios Andinos,SERVICIOS ANDINOS
UAM,UAM BR
UDLA Cl,UDLA CL
UDLA CL,UDLA CL
UDLA EC,UDLA EC
UE Portugal,UE PORTUGAL
UEM,UEM
UIC,UIC
UiP,UIP
UIP,UIP
UiP ,UIP
ULatina,ULATINA
UNAB,UNAB
Unifacs,UNIFACS
UNIFACS,UNIFACS
UniFG,UNIFG
UNINORTE,UNINORTE
UniRitter,UNIRITTER
Unitec Hn,UNITEC HN
Unitec HN,UNITEC HN
UNITEC HN,UNITEC HN
Unitec MX,UNITEC MX
UNITEC Mx,UNITEC MX
UNITEC MX,UNITEC MX
UnP,UNP
UNP,UNP
UPC,UPC
UPN,UPN
UVM CL,UVM CL
UVM CL ,UVM CL
